{"lr": 0.001, "data_time": 0.07380316257476807, "loss": 1.5229004502296448, "time": 0.187888765335083, "epoch": 1, "step": 10}
{"lr": 0.001, "data_time": 0.0004284143447875977, "loss": 1.2284819960594178, "time": 0.08419628143310547, "epoch": 1, "step": 20}
{"lr": 0.001, "data_time": 0.00038330554962158204, "loss": 0.9462931394577027, "time": 0.08447258472442627, "epoch": 1, "step": 30}
{"lr": 0.001, "data_time": 0.0003715038299560547, "loss": 0.7531502544879913, "time": 0.08479394912719726, "epoch": 1, "step": 40}
{"lr": 0.001, "data_time": 0.00039162635803222654, "loss": 0.5557442486286164, "time": 0.08475079536437988, "epoch": 1, "step": 50}
{"lr": 0.001, "data_time": 0.000406646728515625, "loss": 0.4785658687353134, "time": 0.08512134552001953, "epoch": 1, "step": 60}
{"lr": 0.001, "data_time": 0.00036640167236328124, "loss": 0.4352048397064209, "time": 0.08517851829528808, "epoch": 1, "step": 70}
{"accuracy/top1": 92.13286590576172, "accuracy/top5": 100.0, "step": 1}
{"lr": 0.001, "data_time": 0.008862447738647462, "loss": 0.3999361157417297, "time": 0.09263355731964111, "epoch": 2, "step": 82}
{"lr": 0.001, "data_time": 0.0003315925598144531, "loss": 0.31474145501852036, "time": 0.08483350276947021, "epoch": 2, "step": 92}
{"lr": 0.001, "data_time": 0.00030908584594726565, "loss": 0.32872478663921356, "time": 0.08436224460601807, "epoch": 2, "step": 102}
{"lr": 0.001, "data_time": 0.0003155946731567383, "loss": 0.3337508499622345, "time": 0.08413472175598144, "epoch": 2, "step": 112}
{"lr": 0.001, "data_time": 0.00039169788360595705, "loss": 0.23083439320325852, "time": 0.08404872417449952, "epoch": 2, "step": 122}
{"lr": 0.001, "data_time": 0.0004357576370239258, "loss": 0.2827509492635727, "time": 0.08441581726074218, "epoch": 2, "step": 132}
{"lr": 0.001, "data_time": 0.0003917455673217773, "loss": 0.2484635293483734, "time": 0.08475286960601806, "epoch": 2, "step": 142}
{"accuracy/top1": 93.70629119873047, "accuracy/top5": 100.0, "step": 2}
{"lr": 0.001, "data_time": 0.00686185359954834, "loss": 0.26126799285411834, "time": 0.0902634859085083, "epoch": 3, "step": 154}
{"lr": 0.001, "data_time": 0.00044755935668945314, "loss": 0.29225519597530364, "time": 0.08463106155395508, "epoch": 3, "step": 164}
{"lr": 0.001, "data_time": 0.00045773983001708987, "loss": 0.26699019223451614, "time": 0.0846895694732666, "epoch": 3, "step": 174}
{"lr": 0.001, "data_time": 0.00045607089996337893, "loss": 0.3089279651641846, "time": 0.0846865177154541, "epoch": 3, "step": 184}
{"lr": 0.001, "data_time": 0.00046076774597167967, "loss": 0.2319750279188156, "time": 0.08469948768615723, "epoch": 3, "step": 194}
{"lr": 0.001, "data_time": 0.0004442691802978516, "loss": 0.25035224109888077, "time": 0.08451333045959472, "epoch": 3, "step": 204}
{"lr": 0.001, "data_time": 0.0004071235656738281, "loss": 0.2897161617875099, "time": 0.08478734493255616, "epoch": 3, "step": 214}
{"accuracy/top1": 94.93006896972656, "accuracy/top5": 100.0, "step": 3}
{"lr": 0.001, "data_time": 0.007456278800964356, "loss": 0.22379226386547088, "time": 0.09143211841583251, "epoch": 4, "step": 226}
{"lr": 0.001, "data_time": 0.0003252744674682617, "loss": 0.22426992803812026, "time": 0.08485994338989258, "epoch": 4, "step": 236}
{"lr": 0.001, "data_time": 0.00031740665435791015, "loss": 0.25480386465787885, "time": 0.08499622344970703, "epoch": 4, "step": 246}
{"lr": 0.001, "data_time": 0.0003232717514038086, "loss": 0.2189655728638172, "time": 0.08481135368347167, "epoch": 4, "step": 256}
{"lr": 0.001, "data_time": 0.00031418800354003905, "loss": 0.21859077736735344, "time": 0.08499381542205811, "epoch": 4, "step": 266}
{"lr": 0.001, "data_time": 0.0003204345703125, "loss": 0.20345701426267623, "time": 0.08475298881530761, "epoch": 4, "step": 276}
{"lr": 0.001, "data_time": 0.00030841827392578123, "loss": 0.226422081515193, "time": 0.08461613655090332, "epoch": 4, "step": 286}
{"accuracy/top1": 94.7552490234375, "accuracy/top5": 100.0, "step": 4}
{"lr": 0.001, "data_time": 0.007069230079650879, "loss": 0.1553477816283703, "time": 0.09125902652740478, "epoch": 5, "step": 298}
{"lr": 0.001, "data_time": 0.0004404306411743164, "loss": 0.254309655725956, "time": 0.08514461517333985, "epoch": 5, "step": 308}
{"lr": 0.001, "data_time": 0.0004422187805175781, "loss": 0.1610211819410324, "time": 0.08509440422058105, "epoch": 5, "step": 318}
{"lr": 0.001, "data_time": 0.0004439353942871094, "loss": 0.16654199212789536, "time": 0.08480982780456543, "epoch": 5, "step": 328}
{"lr": 0.001, "data_time": 0.00045800209045410156, "loss": 0.17106250673532486, "time": 0.08528687953948974, "epoch": 5, "step": 338}
{"lr": 0.001, "data_time": 0.0004483699798583984, "loss": 0.2049572765827179, "time": 0.08522934913635254, "epoch": 5, "step": 348}
{"lr": 0.001, "data_time": 0.0004136085510253906, "loss": 0.2143267385661602, "time": 0.08517751693725586, "epoch": 5, "step": 358}
{"accuracy/top1": 95.27972412109375, "accuracy/top5": 100.0, "step": 5}
